v1,v2
ham,"[SK�ڷ���] ���ɺ�ȣ���� �ڵ����� �Ϸ� �ȳ��帳�ϴ�. [Web�߽�] [SKT] ���ɺ�ȣ���� �ڵ����� �Ϸ� �ȳ�  �ֱ� �߻��� ���̹� ħ�� ����� �����Ͽ� ���� �����в� ������ ������ ���ĵ帰 �� ���� ����帳�ϴ�.  �������� ���� ������ ��ȭ�ϱ� ����, �����ɺ�ȣ����(����)���� ������ ��û ���� ���� �ڵ� �����ϰ� �Ǿ����ϴ�.  �� ���ɺ�ȣ���񽺶�? - �������� ������ Ÿ�ο� ���� �����ǰų� Ż��Ǿ� �ٸ� ��⿡�� ���Ǵ� ���� ��õ �����ϴ� ���� ���� �����Դϴ�.  �� ���� ���� - ���� �̿� �߿��� �ٸ� ��⿡�� ���� ����� �Ұ����մϴ�. - ����� ����, ����, ������ �ι� ���񽺿� ���ÿ� �̿��Ͻ� �� �����ϴ�. 5�� 14��(��)���ʹ� �� ���񽺸� �Բ� �̿��Ͻ� �� �ֵ��� ������ �����Դϴ�. - ���� �ٸ� ��⿡�� ���� ����� ���Ͻðų�, 5�� 14��(��) ���� �ؿ� �ι��� �̿��Ͻ� ������ �����Բ����� ���ɺ�ȣ���񽺸� ���� ������ �ֽñ� �ٶ��ϴ�.  �� ���ɺ�ȣ���� ���� �� ���� - T ���� ��: https://skt.sh/WT19l - SK�ڷ��� ��������(114)  �������� ������ ���� ��ȣ�� �ֿ켱���� �����ϰڽ��ϴ�.  �ҹ� ���� ������ ���� ���� �߻� ��, SK�ڷ����� 100% å�����ڽ��ϴ�. �����մϴ�.  SK�ڷ��� �帲"
ham,"[SKT]���� ���� �������� ���� ���ɼ� ���� [Web�߽�] �� �� ���ڴ� ����������ȣ����ȸ�� ����/�ǰ�(5�� 2��)�� ���� �ļ� ��ġ��, 4�� ���� �ȳ��帰 SK�ڷ��� ���̹� ħ�� ����� ���� ���� �������� ���� ���ɼ��� ���� �����Դϴ�.  SK�ڷ����� �̿��� �ֽô� �����Բ� �������� ����帳�ϴ�.  SK�ڷ����� 2025�� 4�� 19�� ���� 11�ð� ���� ���� �Ϻ��� ���� �ǽ� ��Ȳ�� �߰��Ͽ����ϴ�. ���� ����������ȣ����ȸ �� �ΰ��յ�������� ��Ȯ�� ���� ����, �Ը�, �׸� ���� ���� ���̸�, SK�ڷ����� ���� �����ϰ� �ֽ��ϴ�.  ������� ���� ���縦 ���� Ȯ�ε� ���(4�� 29��), ���� ���ɼ��� �ִ� ������ ������ ��ȭ��ȣ, ������ �ĺ���ȣ(IMSI), ���� ���� Ű �� ���� ���� ���� 4���� ���� ���� ó�� � �ʿ��� ȸ�� ���� ������ ���� 21���Դϴ�. ���� ���簡 �Ϸ�Ǿ� �������� �������� ���� ���ΰ� Ȯ�ε� ��� ��Ȯ�� ���� ����, �׸�, �߰����� ��ġ ���� � ���� �ȳ��帮�ڽ��ϴ�.  SK�ڷ����� ��� ���� �� �ش� �Ǽ� �ڵ带 ��� �����Ͽ���, ���� ��� �ݸ� ��ġ�Ͽ����ϴ�.  �ƿ﷯ �������� ���ظ� �����ϱ� ���� �Ʒ� ��ġ�� �����ϰ� �ֽ��ϴ�.  ù°, ������ ���� ���� �ý���(FDS)���� 24�ð� �������� ��ȣ�ϰ� �ֽ��ϴ�. ��°, ���ɺ�ȣ���񽺸� ���� ���� ���� ���ظ� �������� ��õ �����ϰ� �ֽ��ϴ�. ��°, ���� ���� ��ü ���� �� ������ ��ü�� �����ϰ� �ֽ��ϴ�.  �̹� ��� ���� ���� �� ���� �Ű��� SK�ڷ��� ��������(114) �Ǵ� ���̹� ħ�� ��� ���㼾��(080-800-0577)�� ������ �ֽñ� �ٶ��ϴ�.  �����Բ��� �ް� ��� �ҾȰ� ������ �ѽö� ���� �ؼ��� �� �ֵ��� SK�ڷ��� ��� �������� �ѷ��� ���ϰڽ��ϴ�.  �ٽ� �ѹ� �����Բ� �ɷ��� ���ĵ帰 �� �������� ����帳�ϴ�. SK�ڷ��� �帲"
ham,SKT��ǰ�ȳ� [Web�߽�] [SKT] ��ȣ���빮������ ���񽺿� ���ԵǾ����ϴ�. �������� �̵���ȭ��ȣ�� �ѱ����ͳ�������� �����˴ϴ�. ���� 114
ham,"[�������� �߱޾ȳ�] [Web�߽�] [SKT] ���� ���� �߱� �ȳ�  ������, �ȳ��ϼ���. SK�ڷ��ް� �������� �Բ����ֽ� �����Բ� ������ ������ ��� <���� ����>�� �帳�ϴ�. �������Ե� �����Ͻ� �� �ִ� ���� ������ ������ ����� ������.  �� ���� ���� �ȳ� - ���� ���: 2�� �̻� SK�ڷ����� �̿��Ͻ� ������ - ���� ����: ���� �Ⱓ�� ���� �� 4~6�� ���� - ��ȿ �Ⱓ: �߱��Ϸκ��� 1�� - ����: �⺻ ���� ������(100% �Ǵ� �Ϻ�), ������ȭ(20%) �� ��1�Ͽ� ���� ���� �� ������ ������ ������� �̿��Ͻô� �������� ���� ������ ���� ����Ͻô� ���, ������ȭ�� �����Ͻ� �� �ֽ��ϴ�.  �� ���� ���� ��� ��� �� ����� T����: https://m.tworld.co.kr/myt-data/recharge/coupon �� ���� ���� ����� ������: http://refill.sktcoupon.co.kr * ȸ������ �Ǵ� �α����� ���� �ʾƵ� ������ Ȯ���ϰ� ����Ͻ� �� �ֽ��ϴ�. �� ARS��ȭ(����): 1526 �� ��� ê�� äƼ ����(T��ȭ ��): https://bit.ly/3NmxjtA �� T���� Ȩ������/��/����, SKT ��������(114)������ Ȯ�� �� ��� ����  �� ���� ���� - �� �ִ� 1�� ��� ���� - ��ȿ �Ⱓ: �߱��Ϸκ��� 1��(�̻�� �� �ڵ� �Ҹ�) - ���� ������ 1�� ������ ���Գ�� ���� �������� ���Ӱ� ���� �� �ڼ��� ������ ���� ��� ���� �ȳ��Ǵ� ���� ������ Ȯ���� �ֽñ� �ٶ��ϴ�.  �� ����: 114 SKT�� �Բ����ּż� �����մϴ�."
ham,���� ���� �����ʹ� �����Ͻ� ������� �⺻���������Ϳ� �켱�Ͽ� ���� �����˴ϴ�.
ham,"[SKT�ȳ�] [Web�߽�] [SKT] 0�÷� ������ �⺻���� ����/�ΰ���ȭ�� ó�� ����ϼ̽��ϴ�. 0�÷� ������ �⺻���� ����/�ΰ���ȭ�� 299��41�� ���ҽ��ϴ�. (���� �ð� ������ȭ 1�� �̿� �� ����/�ΰ���ȭ ������ 1.66�ʰ� �����˴ϴ�.)  �� '�ΰ���ȭ'�� �ݼ��� �� ���� ��ǥ��ȣ(��:1599,1588,02-1588 ��)�� 050, 060, 013 ������ ���۵Ǵ� ��ȣ�� �߽��� ��ȭ�Դϴ�.  �⺻ ������ ���� �Ŀ��� ����Ͻô� ��ŭ ���(���� 1.98��/��, ���� 3.3��/��) �ΰ��ǿ��� �����Ͻñ� �ٶ��ϴ�."
ham,"ī�� ��ۿ��� ��Ī�� ���̽��ǽ� ���˿� ������ �ּ���. [Web�߽�] [SKT] ī�� ��ۿ� ��Ī ���̽��ǽ� ���� ���� �ȳ�  ������, �ȳ��ϼ���. ����û <������ű������ ���սŰ���������>���� �˷� �帳�ϴ�. �ֱ� ī�� ��ۿ��� ��Ī�� ���̽��ǽ� ���ذ� �þ�� �ֽ��ϴ�.  �ֿ� ������ ��ó ����� �ȳ��帮���� �����Ͻñ� �ٶ��ϴ�.  �� �ֿ� ���� �� ī�� ��ۿ��� ��Ī�� ����� ��00ī�尡 �߱޵Ǿ��١��� ��ȭ�� �ɾ� ��  �� ��¥ �������� ��ȣ�� �ȳ��ϸ� ���� ����  * ��¥ �������ͷ� ��ȭ�ϸ� ġ���� �ó������� ���� ���ط� �̾��� ���ɼ��� �����ϴ�.   �� ��ó ��� �� ��û�� �� ���� ī�� �߱ް� ���õ� ��ȭ�� ���� ���, ������ �˷��ִ� �������� ��ȣ�� �������� ������.  �� ��ȭ�� ����, ī��� ��ǥ ��ȣ�� ������ �ּ���. �� ���̽��ǽ��� �ǽɵǸ� 112 �Ǵ� ������ű������ ���սŰ��������ͷ� �Ű��� �ּ���.  �� ������ű������ ���սŰ��������� �ٷ� ����: www.counterscam112.go.kr  �� �����ǽ�zero �� �Ű��� ����: https://www.counterscam112.go.kr/ScamAlert.html  �������� ������ ��� ��Ȱ�� ���� �ּ��� ���ϰڽ��ϴ�.  SKT�� �Բ��� �ּż� �����մϴ�."
ham,"[SKT] �°����÷� ���� �ȳ� [Web�߽�] [SKT] <�°����÷�> ���� �ȳ�  ������, �ȳ��ϼ���. 3�� <�°����÷�>���� ���ι��� �ݾ��� �ȳ��帳�ϴ�.  �� <�°����÷�> ���� �ȳ� - �� �޴��� ��� ���� �ݾ�: 0�� - �츮 ���� �� ���� �ݾ�: 21,600��  �� ����: SKT ��������(114)  SKT�� �Բ��� �ּż� �����մϴ�."
ham,"[SKT�ȳ�] [Web�߽�] [SKT] 0�÷� ������ �⺻���� ������ 80% ����, 20461MB ���ҽ��ϴ�."
ham,[SKT�ȳ�] [Web�߽�] [SKT] special T ������ ��� �����͸� ��� ����Ͽ����ϴ�. ���� �⺻������ ������ �����͸� ����Ͻ� �� �ֽ��ϴ�.
ham,"[Web�߽�] [SKT] <special T> ������ ���� �ȳ�  ��� ��� ������, �ȳ��ϼ���. SK�ڷ����� �ϰ� �̿��� �ֽ� �����Բ� <special T> �������� ������ ��� ������ 7GB�� �帳�ϴ�. ���� �̿��Ҽ��� ������ Ŀ���� <special T>�� ���� ������. SK�ڷ��� â�� 40�ֳ�, �������� ������ �����ϰڽ��ϴ�.  �� <special T> �ȳ� - ���� �̿��Ҽ��� ������ Ŀ���� ��� ��� ���� ���� ���α׷�  �� <������ ��� ������> ���� - ���� �Ⱓ�� 5�� �̻��� �����Բ� �ų� ���� ������ŭ ������ ���� - �����Ͻ� �� 1�Ͽ� �ڵ� ���� * ���� �Ⱓ�� 30�� �̻��� �����Բ��� �ִ� 30GB�� �帳�ϴ�.  �� ���� ���� - ������ ��� �����ʹ� ������ �޿��� ����Ͻ� �� �ֽ��ϴ�. - ������ ��� �����ʹ� ���� �� 1�� 0�ÿ� ������ϴ�.  special T�� �帮�� ������ 7GB�� ���� Ȯ���ϰ� ����� ������.  �� <������ ��� ������> �ڼ��� ����: https://skt.sh/qG7C9 �� ������ �� �ܿ� ������ Ȯ���ϱ�: https://bit.ly/3T6Bhfm  �� ����: SKT ��������(114)  ������ SKT�� �Բ��� �ּż� �����մϴ�."
ham,"[Web�߽�] [SKT] �ҹ� ���� �� �ֽ� ���� ���� ���� ���� ���� �ȳ�  ������, �ȳ��ϼ���. �ֱ� �ҹ� ���� �� �ֽ� ���� ���� ���� ���ڰ� �����ϰ� �ֽ��ϴ�. �̷��� ������ ������ ����, ���� ���� ��õ, ���� ����Ʈ ȫ�� ���� �̳��� ���������� Ż���ϰų� ������ ���ظ� ����ų �� ������ ������ ������ �ֽñ� �ٶ��ϴ�.  �� �ֿ� ��� �� �ֽ� ���� ����: �޵��� ��õ, ��ü ��ȭ�� �����̳� ���� ȸ�� ���� ����, ���ŷ� �ִ� ���� ��� ��Ī �� �ҹ� ���� ����: ���� ����Ʈ URL ����, û�ҳ� ��� ���� ���� ���� �˹� ���� �� ���̽�: �Ǽ� �ڵ尡 ���Ե� URL�� ���� ����/���� ���� Ż��  �� ��ó ��� �� ��ó�� �Һи��� ������ URL�� ���� ������ ������. �� ���� ���� ������ ������ �ּ���. - �ȵ���̵�: ��Ż翡�� �����ϴ� ���� ���� ��(���̴� ��ȭ ��) ��ġ �Ǵ� [�޽��� ����] > [���� �� ���� ��ȣ ����] > [���� ���� ����]���� ���� ���� �߰� - iOS: ��Ż翡�� �����ϴ� ���� ���� ��(���̴� ��ȭ ��) ��ġ  �� ���� �Ű� - �ҹ����Դ�������(���� ���� 118)�� �Ű� - ����Ʈ���� ���� �Ű� ��� �̿� �� �̿� ��� �ȳ�: http://t-mms.kr/jDE/EqCeQQ  �������� ������ ��� ��Ȱ�� ���� �ּ��� ���ϰڽ��ϴ�.  SKT�� �Բ��� �ּż� �����մϴ�."
ham,"(����) �� 5,OOO�� ������ ���ñ���! [Web�߽�] (����) [��������] �� 5,OOO�� ������ �� ���ñ��� �ٿ�ε� �����ؿ�   ���� 5,OOO�� ���� �ȳ���  - �߱� �Ⱓ : ����(5/4) 23:59:59  - �ּ��ֹ��ݾ� : ����  + �� �Ÿ��� ������ ������!   ���� �Ҹ� �� ��߱��� ������, �� ����ϼ���!  [ https://coupa.ng/ch1O5a ]   �� �� ���� ���� ������ ����(�絵 �Ұ�)  �� ���γ����� ��� ��ũ���� Ȯ�� ����  �� �� ������ ���� �������� �ߴ� �� �� ����  [���� ���� �ź�] 080-888-0448"
ham,"(����) 3,OOO�� ������ ���ñ���! [Web�߽�] (����) [��������] 3,OOO�� ������ �� ���ñ��� �ٿ�ε� �����ؿ�  ��3,OOO�� ���� �ȳ��� - �߱� �Ⱓ : ����(4/27) 23:59:59 - �ּ��ֹ��ݾ� : ���� + �� �Ÿ��� ������ ������!  ���� �Ҹ� �� ��߱��� ������, �� ����ϼ���! [ https://coupa.ng/chWnW8 ]   �� �� ���� ���� ������ ����(�絵 �Ұ�) �� ���γ����� ��� ��ũ���� Ȯ�� ���� �� �� ������ ���� �������� �ߴ� �� �� ���� [���� ���� �ź�] 080-888-0448"
ham,[Web�߽�] [����] ���Ϲ�� 1�ڽ� ���� 15:00~23:00 ���������Դϴ�.
ham,"[Web�߽�] <2025�г⵵ ��1�� ��ϴ��б� ���п� �������� ���丵>  �� 5�� ù° �ֿ� �� ���ް� �����Ǿ� �ֽ��ϴ�. ��ε� ���� �ð� �����ñ� �ٶ��ϴ�. ���� �Ŀ��� <���п� �������� ���丵> �� �� ���� ����? LG����, �Ｚ����, �����ڵ���, �������, �����⿬������� � �ٹ� ���� ���踦 ��̽��ϴ�. ���α׷� ��û�ϼż� ����ϴ� �о߸� �����Ͻø� �˴ϴ�. ��� ���� �����ڿ� ���� �� ��ũ�ܼ�Ʈ �������� ����Ǵϱ� ũ�� �δ��� �����ϴ�.  �� ��û���    KNUCUBE �� �񱳰��������� �� �������� �� �񱳰� ���α׷� �� ���п� �������� ���丵  �� ���ǻ���    ��ϴ��б� ��������� ��ȣ�� 053) 950?2872   �� �� ���ڸ޽����� ��ϴ��б� �л����� �����˴ϴ�. ������ ������ �ʴ� ��� ���Űź� ó�� ��Ź�帳�ϴ�."
ham,[Web�߽�] (����)[SKT] T deal �� 7�� Ư��! S��/ƯS��/NEW���۱� ������ Z �ø� 3/4/5(256GB) ������ ����  �� �Ｚ���� ���� ��ǰ ���� ����: https://tdeal.kr/app/MO7WSZ?seq=I2404550489&date=250417  �� �Ⱓ: 2025�� 4�� 14��(��)~4�� 20��(��) 7�ϰ�  �� ���� ���� - �� ���θ���� ������ �ٽ� ����� �� �ֽ��ϴ�.  �� ���� - ��ǰ/��ȯ/��ǰ ����: �ٿ�Ʈ���̵� ��������(1661-3299) - ����/���/��Ÿ ����: T deal ��������(1670-0010)  �� T deal �¶��� �������� �ٷ� ����: https://tdeal.kr/app/B41RKN  ���� ���Űź� 1574 
ham,"������� [Web�߽�] <���п��� ��������: �ݵ�ü �� �̷��ڵ���> �̹� �� �ɻ������� �̾����� �ֽ��ϴ�. �������� �Ű� ���ø� ���ڽ��ϴ�. �� �б⸦ �¾� �����п��� ��������(�ݵ�ü �� �̷��ڵ��� ���߰���)���� �ǽ��մϴ�. ���α׷��� �����Ͽ� �ش�о߸� ���������� �����Ͻñ� �ٶ��ϴ�. �кλ��� ���������մϴ�.   1. �ǽñⰣ   - 1��) �ݵ�ü ���߰���: 2025. 3. 31.(��) ~ 4. 4.(��), 19:00~22:00   - 2��) �̷��ڵ��� ���߰���: 2025. 4. 28.(��) ~ 5. 2.(��), 19:00~22:00  2. ��û���   - �񱳰���������(KNUCUBE)>�������� > �񱳰����α׷� > ���п�����������  3. ���ǻ���: 053-950-2872(���������, ��ȣ��)  * �ش� ���ڴ� ��ϴ��б� �кλ����� �߼۵˴ϴ�. �޽��� ������ ������ �ʴ� ��� ���Űź� ó���Ͻø� �˴ϴ�."
ham,[Web�߽�] [��ݱ� ������ �������� ���̼�] '��ϴ� �����Ǿ��������ý���'���� 3/31���� �̼� �ٶ��ϴ�.
ham,"������� [Web�߽�] [2025�г⵵ ��ݱ� ä���� ���ο� ���� �ȳ�]  - ��Ⱓ : 2025�� 3�� 4��(ȭ)~3�� 11��(ȭ) / 16�ð�(6��) - �����Ⱓ : 2025�� 2�� 17��(��) ~ 3�� 10��(��) 23:59 - ��û��� : ���� ���л� �� ����� ������ <�ߺ���û ����>  - ���� : ZOOM �¶��� - ������ ��Ÿ ���� ������, ���� �����԰� 4���� �α� �����ںе��� �����ϴ� ���ǵ�, ��ġ�� ������!(^��^) - �ڼ����� �����Դϴ١�  ��û �ٷΰ��� : https://knucube.knu.ac.kr/site/reservation/lecture/lectureDetail?menuid=001002002&reservegroupid=1&viewtype=L&lecturegroupid=12021"
ham,"�����̰����б� �߰� ���� �ȳ� [Web�߽�] �� 2025�г⵵ ���Ի� �߰� ���� �� �а��� �ܿ� �ο� ������ ���� Ư������ ���� �� �߰������а� �����, ����ȯ��ȭ����, ����, ����Ʈ�����ý��۰�, �̷��ڵ����к�, ���⿡������, ���ڰ�, ��ǻ���к�, �����, ���Ǽ���, �ǳ���������ΰ�, ȣ��������Ƽ����, ��ȸ�����к�, Ư���������а�, ��Ƽ��Ʈ��, ����������â���濵��, ��������Ȱ�к�, e�������� �� �߰�������������(������ ����): https://nextedu.cst.ac.kr/ipsi/student_test_mosy.do �� �а��� �Ҽ��ο�(�ܿ� �ο� ������) ���� �� ��������: 2025.2.28.���� �� �������� 1�� �̻� ����� ���� ���� �� �� 25�� �̻� ���е� ���� ���� �� �������б� ������ ���� ���� �� ���ɾȺþ ���а��� �� ���й���: 062-236-2020 �� ī��ä��: http://pf.kakao.com/_QxaBEK  - �����̰����б� ����ȫ���� -"
ham,"[Web�߽�] (����)[SKT] ������ ��Ȱ�ǰ� ��100% ���� Ŀ�� ���� �˸���  ������, �ȳ��ϼ���. SKT���� ������ ��Ȱ�ǰ� ���񽺸� �Ұ��մϴ�. �ǰ�������� ����ϰ� 100% ��÷ Ǫ���� ��ǰ �޾ư�����.  �� ��Ȱ�ǰ� ���� ��û�ϱ�: https://livelong.co.kr/webevent/pevent/27?utm_medium=skt&utm_source=tms  �� ������ ��Ȱ�ǰ� �������� : 1522-8979  �� SKT������ ��Ȱ�ǰ� ���� ���� �̺�Ʈ - �Ⱓ: 2025�� 02�� 26��(��)~2025�� 03�� 12��(��) - ���: ������ ��Ȱ�ǰ� ���񽺸� �����ϰ� 1���� �̻� �����Ͻ� �� 19�� �̻� SK�ڷ��� ������ ������ ��Ȱ�ǰ� ���� �ǰ�������� ��� ������ - ��ǰ:  ������ S24+ (1�� ��÷), �ż��� ��ǰ�� 1������ (30�� ��÷),�ް�Ŀ�� ��������� �������� - 5������ �ʰ��ϴ� ��ǰ�� ���� ����������(22%)�� ���� �δ� - ��÷�ȳ� : 2025�� 04�� 17��(��) ��÷ �ȳ� ���� �߼� ���� �ް�Ŀ�� ����� ������ ���������� ���� �� 1���� ���� ���� �� ��û ����  �� ������ ��Ȱ�ǰ� ���� ���� �� ������ �ǰ������� �˷������ �� ���� �ǰ��� üũ�ϰ� �� ���� �´� �Ĵ��� �˷������ �� �索, ������, �������� ������ �˷������ �� ���� �ǰ��� �´� ��Ÿ��, ������ ������ �˷������   �� ���� ���� �� ���� ����  - �ֽ�ȸ�� ���Ǻ��� �������� 1522-8979    (���� ���� 10��~���� 6��, ���� ������ �޹�) -�̸��� help@oceanbleu.co.kr   ���� ���Űź� 1504"
ham,"[Web�߽�] (����)[SKT] ��Ƽķ�۽� ������ �����Ͼ� ��Ʈķ�� ���� �ȳ�   ���� ������, �ȳ��ϼ���.  ������ �м��� ���� �����Ű���? �������ڶ� ��� �����ؾ� ���� �����̽Ű���?  ��Ƽķ�۽����� ������ �����Ͼ� ��Ʈķ�� ������ �ȳ��帳�ϴ�.  źź�� Ŀ��ŧ���� ���� �̷� ���ʺ��� ����� ���� ��Ʈ������ �غ����! ������ ����/����/�������� ������������ ����� ������ ê�� ���� ���� ������Ʈ�� �����Ͻ� �� �ֽ��ϴ�.  ��� ���� ���� ��û�ϰ� �پ��� ������ Ȯ���� ������.   �� ���� ��û�ϱ�: https://www.bzcht.kr/p/08PofOOOptf  �� �� URL�� �����⸸ �ص� ���̹����� ����Ʈ 50���� �ٷ� �帳�ϴ�.(���� �߼��Ͽ� ����)   �� <������ �����Ͼ� ��Ʈķ��> Ư����  - 1,700�� �� ��� ������ ���� ���� ����  - IT ��� ������Ʈ�� 1:1 ���� ������/Ư�� ����  - ä�� ����ȸ ���� �� ä�� ���� ����  - ���� ������ ��Ŀ�� ���� �� �û�  - �ڵ� �׽�Ʈ ��� ���� ����  - ���� ��� ������ ���丵  * ���� �ο��� ����������, ���� ������ �� �ֽ��ϴ�.   �� ����: ��Ƽķ�۽� IT������� ��������  - ��ȭ(1544-9001)  - īī���� ä��(@��Ƽķ�۽�IT�������)   �� �� �޽����� SK�ڷ��޿��� ����/���� ���ſ� �����Ͻ� �����Բ� ���� ��Ƚ��ϴ�.    �����մϴ�.   ���� ���Űź� 1504"
ham,"[Web�߽�] [24�г⵵ ������ ������ ���� Ư�� & ���丵 ��ȸ]  ��Ⱓ : 1.13.(��) ~ 1.24.(��) ������� : ���л�, ���л�, ������, �г� ����  �ٱ����� ����/�������� ���� Ư���� ����˴ϴ١� �����ݵ� ��û �����մϴ�. �����ִ� �л��� ��û �� ���� ���� ������Ѣ��С�  [���Ǻ� ���� ����, ���� ������ ����] ��û �ٷΰ���(�մ� ������) : https://www.itdaa.net/clients/563?access_token=CWQ81hK2A64strz3nYEtaeRg"
ham,"���۸��� ����ä�� �����ӹ� [Web�߽�] (����) [���۸��� ä�� �ȳ�]  �ȳ��ϼ���, ���۸��� ä�� ���� �ȳ��帳�ϴ�. �Ʒ� �ȳ������� Ȯ���� �ּ���.  �� ���� ���������ڷ� ������ �� �ִ� ��ȸ �� �� �������� ��� ����! ��  ������ ä�� �����ӹڡ�  �� �����о� : ���۸��� (���� ����������) �� �������� : �������� �Ǵ� ķ�� ���� � �� �η� ����, �Һ� ���� �� ���� ���ݾ��� �� �ٹ����� : ����� (������ ��ȯ ����)  �ڡڡ� ������ũ https://coupa.ng/cgLGyp �ڡڡ�  �� �ٹ��� �� �ٹ��ð��� ���� �޿��� ������ �� �ֽ��ϴ�. �� ȸ�� ������ ���� �ٹ����� ������ �� �ֽ��ϴ�. �� �Ի� �� �� �Ҽ� �ٹ� ��ġ �� ���� �Ⱓ���� �α� �ٹ������� ���� �� �ٹ��� ����� �� �ֽ��ϴ�. �� ���� ������ �ƴ� <���۸���> �����̿��� Ȯ�� �� ���� �ٶ��ϴ�.  [���� ä��] īī���� �÷��� ģ�� : https://pf.kakao.com/_qGKxdG/chat  [���� ���� �ź�]0808880585"
ham,"[���α׷� �ȳ�] [Web�߽�] ���� ���θ� �� ���ϼ̳���? ���ο� ���� ������ �����Ű���? ""���� �̰����ڸ� ���� ���� ��ٸ� ���α׷�"" �� ���� ��û�ϼ���!   https://knucube.knu.ac.kr/site/lecture00311912   -��ϴ� ���������-"
ham,���λ�ٸ� ���α׷� ���� �ȳ� [Web�߽�] 2024�г⵵ ���� �̰����ڸ� ���� ������ ��ٸ� ���α׷��� ������ ����(50��)�մϴ�! ���� ��û �ٶ��ϴ�.   ��û��ũ: https://knucube.knu.ac.kr/site/lecture00311912
ham,�������������� ������� [Web�߽�] [��ϴ�] �������������� ������� ��û�ȳ�(1/6����) ���Ͻ�/���: 2025.1.7.(ȭ) 19��~21��/ZOOM ���û�ϱ⢺https://knucube.knu.ac.kr/site/lecture00311934
ham,�ڱ� ���� �� ���� ���� ���α׷� [Web�߽�] ������: '��ũ�� ����'�� Ȱ���� �ڱ� ���� �� ���� ���� ���α׷� ��  ��: ���л�(������ ����) ������ 30�� �����Ⱓ: 2024. 11. 12.(ȭ) ~ 11. 20.(��) 15:00���� ��������: (2��) ��2024. 11. 27.(��) 18:00 ~ 21:00 �� 2024. 11. 28.(��) 18:00 ~ 20:00 ����: �¶��� ZOOM ���� ��������: -10���� ��� ��ҷ� ���κ� ���� ���� �߰� -���ΰ��� ������� ������ ���� �ɷ� ��ȭ -�ڽ��� ���� ��Ÿ�� �м� �� ���� ������ Ž�� -�����ذ� ������� ���� â�� -��ũ�� ���� ����� �������� ������ ��ȹ ����  ����ó: 054-530-1516(���������) ��û��ũ : https://knucube.knu.ac.kr/site/lecture00111797
ham,(���֡�뱸) ����ڶ�ȸ ���� ���� [Web�߽�] ��(���֡�뱸) ��ϴ��б� ����ڶ�ȸ ���� ���� ž�� �� �Ļ�� ���� (ž�� ���Ϻ��� ������ 40��)  ���Ͻ�1: 24. 9. 9.(��) 08:50~18:00 -���� 08:50 ��� �뱸 10:00 ���� -�뱸 16:50 ��� ���� 18:00 ���� �����γ��� -���� �� ����� ����(�λ� ����� �� �ǹ��� ��) -ä�뼳��ȸ �� ��������� ������ '����ڶ�ȸ Ȩ������' ��� Ȯ��  ���Ͻ�2: 24. 9. 12.(��) 08:50~18:00 -���� 08:50 ��� �뱸 10:00 ���� -�뱸 16:50 ��� ���� 18:00 ���� �����γ��� -������û �������ȸ ���� ������ ���� �������� ��� �� ����û�� '����ڶ�ȸ Ȩ������'���� [�������9/12] �ǿ��� Ȯ��  ��û���: https://naver.me/F74yaoFc
ham,����ķ�۽������� �̹�������ŷ�� [Web�߽�] ��������: 2024�г⵵ ����ķ�۽� ���μ��� ���� ������ �̹�������ŷ�� ���������: ��ϴ��б� ���л�(������ ����) ������ 30�� ����������: 2024. 09. 03.(ȭ) ~ 09. 04.(��) 2�ϰ�  (�ؼ��������� KNUCUBE���� Ȯ�� �ٶ��ϴ�.)  ������:  -1���� : �¶��� ZOOM -2���� : ����ķ�۽� ����ȸ�� 2�� ���̳��� �������Ⱓ: 2024. 08. 13.(ȭ) ~ 08. 29.(��) ����������: -���� �� ���� �̹�������ŷ -�ΰ��� ȭ������ ���� ���� ǥ���ϴ� ����ġ ���Ͽ� ���� -���� �� �ڽſ��� �´� ��ä���ܽý��� �� ����ũ�� ������ -�̷¼� �����Կ�(����뿩 �� ��� �� ���� ����)  ����û���: KNUCUBE > �������� > �񱳰����α׷� > ���� �̹�������ŷ ����û��ũ: https://knucube.knu.ac.kr/site/lecture00311447  ����ó: 054-530-1516(���������)
ham,"AI�����˻�(����) ������ ķ�� [Web�߽�] ��������: 2024�г⵵ ��AI�����˻�(����) ������ ķ���� ���������: ��ϴ��б� ���л�(������ ����) �� ������ 50��(��������): ����(�ù� �߼�) �� AI ���� ������ 1:1, 30�� ����  �������Ⱓ: 2024. 07. 03. ~ 07. 17. ����������: 2024. 07. 24.(��) ~ 07. 25.(��) (8.5�ð� ����) ������: �¶��� ZOOM ����������: -AI�����˻�(����) �ַ�� Ư¡ �� �� ��� ���� -AI�����˻�(����) �ǽ� �� �˻� ����� �м� -AI���� ������Ʈ 1:1, 30�� ������(50��)  ����ó: 054-530-1516(���������)"
ham,����ķ�۽� �л� E-��Ʈ������ Ư�� [Web�߽�] ���α׷���: �л����� E-��Ʈ������ Ư�� ��         ��: 5�� 27��(��) 09:30~13:30(4H) ��         ��: ����ķ�۽� �л� 30�� ��         ��: ����ķ�۽� ���� 208ȣ  ��û���: KNUCUBE > �������� > �񱳰����α׷�> E-��Ʈ������ Ư��  ��û���(knucube ��ũ): https://knucube.knu.ac.kr/site/lecture00111176
ham,"������� [Web�߽�] [���������]  2024�� �뱸��� ������� �������� �յ�ä�뼳��ȸ �ڻ���ķ�۽� ���� ������ ���Ͻ�: 2024. 5. 9.(��) 08:50(���� ��뱸) / 16:50(�뱸 �����) �����: �뱸ķ�۽� �۷ι��ö��� ȿ��Ȧ, ����Ȧ �ܳ���: -���ŵ��� �Ұ� �� ������� ��ũ�ܼ�Ʈ -�ֿ��� �Ұ� �� ä��䰭 ��ǥ -���� ����������� ��� �ν� � -�̺�Ʈ �ν�(�������� �Կ� �� ������� ü��)  ������ ���� �� �ѱ����ΰ��� �� ������� ���� ��ũ : https://knucube.knu.ac.kr/site/lecture00111109 ����û���: https://open.kakao.com/o/g58NoKng (�����ڵ�: 0509)"
ham,[Web�߽�] (����)���л� 2025�г⵵ ���� 12/31(ȭ)����~ ����ȸ������>��������ۼ� ����ź�0808507715
ham,[Web�߽�] (����)���л� 2025�г⵵ ���� 12/31(ȭ)����~ ����ȸ������>��������ۼ� ����ź�0808507715
ham,[Web�߽�] (����)���л� ���������ϸ� �Ｚ���� �ִ� 40%�� bit.ly/3BjhNxT ����ź� 0808507715
ham,������� [Web�߽�] (����)���л� �� ���� �հݿ��� ��ä�� ����! ���ú��� ���� ������Ʈ (��/�Ͽ��� ����) m.jinhak.com/?n=27365  =======================  �� ���л� �հݿ��� ���� ����Ʈ�ϰ� �̿��ϴ� ���  [1] ���� ���� �Է� ��  ���к� ȯ������ �� �������� ��� ����! m.jinhak.com/?n=27365   [2] ���� ���� �����ϸ�  �հݿ��� ���῭����!  (* 12/9(��)���� ��������) m.jinhak.com/?n=27365  [3] ���������ϸ�  �հݿ��� 1���� ���α�! m.jinhak.com/?n=27367  [4] �� ������ �� �� �ִ�  ���� ��õ���а� �հݰ��ɼ� Ȯ��! m.jinhak.com/?n=2050  ����ź�0808507715
ham,"������� [Web�߽�] (����)���л� ���� �հݿ����� ���л�! 3���� ��ü���� ���߷� 87.5%  ����� �������� ����� ���л� �հݿ����� �Բ� ���� ��Ƿ� �̾����� �ٶ��ϴ�.  ���л� ���ɼ��� �Է��ϰ� ��ä�� ������� Ȯ���غ����� (* 11/14(��) 20�� ����) ��http://m.jinhak.com/sr.aspx?n=2046  =======================  [01] ������п� ���������ϰ� ������ �� �� ��ġ �ٷ� Ȯ��!   [02] �� ������ �� �� �ִ� ��õ���а� ���С��а��� �հݿ��� Ȯ��! (* 11/15(��) 16�� ����)   [03] ���� ������� ���� ���ϰ� ���л��� ���� �����Ͱ� �ݿ��� ���� �հݿ��� ���� 11/19(ȭ) ��ä�� ���ʾ���! (11/21,11/25,11/28,12/2 ��������)  [04] ���� ���� ��/���հ����� ���� �հݿ�������Ʈ Ȯ��! ��http://m.jinhak.com/sr.aspx?n=2050  =======================  ���л� ���� ����Ʈ �̺�Ʈ ����! �հݿ��� �̿� �̼��ϸ� ����Ʈ�� ���� �ʰ��� �̼��ϰ� ���� ����! ��http://m.jinhak.com/sr.aspx?n=28453  ����ź�0808507715"
ham,[Web�߽�] (����)���л� ���� ���� ���� ì��~ ������ 3�� ����!!! bit.ly/4d3BFC2 ����ź�0808507715
ham,[Web�߽�] (����)���л� ���ΰ����� ���� ��������~ 10�� 13�� ����! bit.ly/4d3BFC2 ����ź�0808507715
ham,[Web�߽�] (����)���л� 2025�г⵵ ���� 9/9(��)����~ ����ȸ������>��������ۼ� ����ź�0808507715
ham,"������� [Web�߽�] (����)���л� 1�б� ����� �ۼ� ���, ��Ư �������� ������Ʈ �Ǿ����ϴ�.   �հݻ��� ������ ���� ���� �� ����θ� �����ϰ� �𺧷��غ�����!   ��24�й� ���� �հ����� ��Ư������ ���ε� �Ϸ�! http://m.jinhak.com/sr.aspx?n=28286   ���ڿ�/���а迭 ��õ  ���� ���� ������ �� BCR-ABL ������ Ž�� http://m.jinhak.com/sr.aspx?n=28287   �����а迭 ��õ �ΰ����� �Ű���� ���ؿ� ������ �˰������� ���� Ž�� http://m.jinhak.com/sr.aspx?n=28288   ���ι� �迭 ��õ ESG�� �̿��� �������� ��ȸ�� ��ġ�� ���� Ž�� http://m.jinhak.com/sr.aspx?n=28289  ����ź� 0808507715"
ham,"[FILA] �������� �̿볻�� ���� �ȳ� [Web�߽�] [FILA] �������� �̿볻�� ���� �ȳ�  ����������ȣ�� ��39����8(�������� �̿볻���� ����) �� ���� ����� ��48����6(�������� �̿볻���� ����)�� �ǰ��Ͽ�, �������� �������� �̿볻���� �Ʒ��� ���� �ȳ� �帳�ϴ�.  �� �������� ����. �̿� ���� 1) ȸ�� ���� �� ����  2) ��ȭ �Ǵ� ���� ���� 3) ���� ó�� 4)  ������ ���� Ȱ�� ��  [�󼼳���] �� ������ ���������� �׸� �� ����  on.fila.co.kr/privacy1  �� �������� ó�� ��� ��Ź  on.fila.co.kr/privacy2  �� ��Ÿ �ڼ��� ������ ���� ��ũ�� Ŭ���Ͻø� Ȯ�� �����մϴ�. �� �� �ȳ��� ���� �ǹ���������, SMS ���� ���ŵ��� ���ο� ������� �� 1ȸ �߼۵˴ϴ�.  ���� �׻� �������� ���������� ������ ����� ���� ���ɿ� ���� �����ϰ� ��ȣ�ϰ� �ֽ��ϴ�. �� �������� �̿� ������ �����Ͽ�, �ñ��Ͻ� ������ ����� Ȩ������(http://www.fila.co.kr) �Ǵ� �������ͷ� �����Ͻñ� �ٶ��ϴ�.  *FILA ��������: 1577-3472"
ham,"�ݽ� ũ�������� ���θ�� [Web�߽�] (����) [�ݽ�] ũ�������� ����   �α� �ܿ� ��ǰ �ִ� 36% OFF  ��� ���� ���� ��� [����+��ƼĿ+���� ���ι�] ����!   �ᱸ���ϱ⢡ https://bit.ly/400B2FV  (2�� �̻� ���� �� �Ϻ� ��ǰ 36% OFF)   ���߰� ��ȹ��   �� GIVE VANS! �ݽ��� �����ϼ���!   *3���� ����: https://bit.ly/3ZGIGE1  *5���� ����: https://bit.ly/4fouEgb  *10���� ����: https://bit.ly/3BDtU9i   �� ���� �÷��� | �߿� �ܿ￡ �ű� ���� ���� �÷���  : ����� ����, �ܿ� ��Ű���� �����ϰ� ���� �����մϴ�.  : �����ϱ⢡ https://bit.ly/403eKUd   ��������(1522-1882 / ���� 09:00~18:00)  (���� ���Űź�) 080-877-0637"
ham,"[�����������̺�.. [Web�߽�] [���������� �̺�Ʈ �ȳ�] �ȳ��ϼ���. ����, ���ΰ��� �¶��κ����� ���������� �Դϴ�. 12�� ��� �� �پ��� ���� �ȳ�  ��� ����Ʈ �Ҹ� �ȳ� ��� -[����������]����Ʈ�Ҹ�ȳ�- 2022�� ���������� �̹湮�� �е��� ���� ����Ʈ �Ҹ�� �����Դϴ�.  ��12�� �̺�Ʈ - ũ�������� ����(SKT ��⺯��Ư��) https://koreamsc.kr/bbs/board.php?bo_table=gallery&wr_id=102 ������ �ø�4  - ��Ⱚ 170,000��!!  ������S22 ��Ʈ�� - ��Ⱚ 250,000��!!  ������S22  - ��Ⱚ 0��!!  ������ 14 256G - �� 79,852��!!  �̼��� ���̵�6 - �� 19,500��!  ��12�� ���� �¶��������� �̺�Ʈ - �Ｚ���� Ư���� https://koreamsc.kr/shop/list.php?ca_id=20n0 - LG���� BEST Ư���� https://koreamsc.kr/shop/list.php?ca_id=7009 - ���Ͼ� 23���� Ư���� https://koreamsc.kr/shop/list.php?ca_id=3020  �� ���� 1 ���� �ܼ����� ��ǰ��ǰ �Ǹ� - ���� �ܼ����� ��ǰ��ǰ ���߰� 20~50% �̻� �����Ǹ�  �� ��Ż�� ���� -  �ڿ���,SK����,ûȣ���̽� ��Ż��ǰ ��û�� �ִ� 250,000�� ��ǰ�� ���� https://koreamsc.kr/shop/list.php?ca_id=50  - �ڿ��� ������������2 Ư���̺�Ʈ! �� 10,900��(����ī���̿��) https://koreamsc.kr/shop/item.php?it_id=1647499132  ��Ｚ,LG���� ���Ž� ���� ���� ����  �� ���� (����� ������ �湮 or �����ּ���) https://www.koreamsc.kr/ ���� ���� : 02-790-4513 ���� �ڿ�� : 010-5081-1111 �ڿ�����Ÿ�� : 042-867-6017 ��� ����ȭ : 042-551-8010 ���� ��û : 042-840-5070 ������ ��õ : 033-254-9010 �뱸 11���� : 053-983-9010 ���� �󹫴� : 061-392-5070 �泲 ����� : 055-549-4341 ��ǥ��ȣ : 02-3785-0101"
ham,"���� ���� [Web�߽�] �� ������ 16�� ���� Ư�� ���� ��� ��  �ϳ��� ��~�� ���������� �� �ϳ��롻 �� ���ѹα��� ������ 16�� ������ Ư������ ��縦 �����մϴ�.   �� Ư�� ���� : 16% ���� �� �ش� ǰ�� : ��,���ʸ�, �׺����ʸ�, �󾥽�ũ������, �ѽ�Ŀư, �ѽκ���, ������(����), �ѽ��е� (�Ϻ� ǰ���� ���� ����) �� ��� �Ⱓ : 12/3 ~ 12/4 (�� 2�ϰ�)  https://smartstore.naver.com/ninanoh  ���谡 ������ ���������� �ϳ���� �Բ� �ǰ��ϰ� �ų��� �ܿ� �����ʽÿ�. �����մϴ�."
ham,"[Web�߽�] (����)[SKT] ������ <����> �ִ� 35% ���� �ȳ�  ������ ������, �ȳ��ϼ���. 34�� ���� SK�ڷ��� 0(��) �������̶��, ����� ������� ������ <����>�� �ִ� 35% ���ι����� �� �־��. �Ŵ� �޶����� ����/���� �������� ��ȭ ��Ȱ�� �� ǳ���ϰ� ��� ������.  �� ���� �����ϱ�: http://t-mms.kr/apf/EP5w67  �� 0��NOL Ƽ�� ���� - ���: 14~34�� SK�ڷ��� 0 ������ - ���� ���: T ���� ��/����� �� > [�޴�] > [��ǰ����] > [0]���� ��û * �� URL�� ������ �ٷ� �����Ͻ� �� �־��.  �� 4�� ���� ����/���� - ������ <��ų�����̵�>, <����> - ���� <���� ���ũȣ��Ʈ: �� ������ ĵ����> * ��� ����/���ô� ���� �����Ͻ� �� �־��. * ������ <��ų�����̵�>�� Ư�� ȸ���� ���ι����� �� �����.  �� ���� - SKT ��������(1558, ����) - SKT 0 ��ǥ ���� ����: skt0@sktelecom.com  SKT�� �Բ��� �ּż� �����մϴ�.  ���� ���Űź� 1504"
ham,"���� [Web�߽�] ����, �������� ���������� ��ȭ�� �����ϴºе� �˹� / �ܱ� �������Դϴ�  ������ ��ȭ�� �����Ͻð� �� �� ������ �ۼ��Ͻð� ���޹޾ư�����  ����.��.��.�� -[����] 20�� ���� -�ʺ�����, �޴��� Ȥ�� pc ���� -�ֺ�/���Ƹ�/�ڿ�����/ȸ��� -���/�з� �����Դϴ�  �߱�.��.��.�� �Ϸ� 50.ooo~150.ooo ���� ���⺻�� 2,960,000 ����  �������� ��ȯ�� -1�� �̻�: 2,930,000+�μ�Ƽ�� -�����ϰ� �Բ� ���� ���Ǻ� ������ -�������� 4�뺸�� ���԰���  ����.��.��.�� �� ��㸵ũ http://pf.kakao.com/_xmNxlnn/chat  �� ��û�Ͻø� ������� ��������� �� ��ȭ�� ��ϵ��� �ʽ��ϴ� �� ���� ���ŵ� ��ȣ�� ���������Դϴ� �� ����� 09:00 ~ 18:00�� ���� �����մϴ�  �������Űź� 01585490125"
ham,"[ä�� ����ȸ �ȳ�] [Web�߽�] �ȳ��Ͻʴϱ�. ��ϴ��б� ����������Դϴ�. �Ʒ��� ä�� ����ȸ�� ����� �����̿���, ���� �ִ� �л� �������� ���� ���� �ٶ��ϴ�.  �ѱ�����������򰡿� 4.30.(��) 12:00~13:00 ���� 7ȣ�� 107ȣ ������û��ũ: https://form.naver.com/response/X2QFp32vWy6ysRmxbyDlhw   �޾�� 4.30.(��) 15:00~16:00 IT���� 5ȣ�� 245ȣ ������û ��ũ: https://forms.gle/crWtXAJzk5PX4grc9  �Ϻ� �������ȸ 5.8.(��) 15:00~16:00 ������ 4�� ���ǽ�2 ������û ��ũ: https://forms.gle/crWtXAJzk5PX4grc9  ���������� 5.9.(��) 14:00~16:00 ������ 4�� ���ǽ�2 ������û ��ũ: https://forms.gle/crWtXAJzk5PX4grc9  ����ɰ�ȣó 5.14.(��) 12:00~13:00 ������ 4�� ���ǽ�1 ������û ��ũ: https://docs.google.com/forms/d/e/1FAIpQLSeIEYs0Fa4UBbLRvmnXuzFpju6kG-C-4N0Xq9boH5_1PldAag/viewform  �� �Ϻ� ����ȸ�� ���� ��û �� �߽��� �����˴ϴ�."
ham,"(����)(��������)�ڸ� [Web�߽�] (����)(��������)�ڸ�.��.��.�ڡ� ���� �ִ� �̺�Ʈ�� �� ������!(1661-3000)  (����)NH��������(1661-3000) 500����° ���� �������� �ڰ��١ڸ� �ִ� �̺�Ʈ�� �ִ�..? NH���̵����� ������ 500���� ���� ���� �� ũ�� ��� �̺�Ʈ! ���� �ٷ� ����, �ڻ꿬���ϰ� ���� ������ �������? �ڼ��� ������ �̺�Ʈ �������� �������ּ���!  - �̺�Ʈ �Ⱓ : 2025.03.17 ~ 2025.04.30  ��(����Ʈ��ŷ) https://smartbank.nonghyup.com/service/html/sbgateway.html?WEB=Y&serviceId=NSCMP6000R&nhType=1&GateType=1&GateYn=Y&pfmServiceId=MSCM3040R&mPrm=65: ��(�ÿ���ũ) https://nhallonebank.nonghyup.com/service/html/abgateway.html?WEB=Y&SRV_ID=ABPMP6000R&GateYn=Y&pfmServiceId=MSCM3040R&mPrm=65:  �� �� �޼����� �����õ��� �� ���ڼ��� ���� ȸ�����Ը� �߼۵Ǿ����ϴ�. (���� ���δ� �� �������� �������� �߼۽����� �ٸ� �� ������ ���� ��Ź�帳�ϴ�) �� �ڼ��� ������ ��ǰ������ �� ����� Ȯ���Ͻñ� �ٶ��ϴ�. �� �� �޼��� ���� ������ �����Һ��ں�ȣ���� �������� �Ǹ��� �ֽ��ϴ�. �� ���� : 1661-3000, 1522-0000 (�������� �����ູ����) �� �ع������ν����� : 2025-2014 ('25.03.19~'26.02.27) �� ���Űź� : (����)0808552100"
ham,"[Web�߽�] �� �ֱ� ����û���� ��ǥ�� �ڷῡ ������ 2025�� 1��~3���� �߻��� ���̽��ǽ� ��ü ���ؾ��� 3,116�� ������ ���� ���Ⱓ 1,411�� �� ��� 120% ������ ������ ��Ÿ�����ϴ�. �������� �ַ� �Ǽ� �� ��ġ�� �����Ͽ� �ڱ��� Ż���ϹǷ� ���ظ� ���� �ʵ��� �����Ͻñ� �ٶ��ϴ�.   �ӾǼ� �� ��ġ ���� ���� �� ������ ��Ī��  ���� ���� ��ǿ� ����ƴٸ� �޴��� ������ ���̷� �������� �� ��ġ ���� �� �Ǽ� �� ��ġ �� ��ۿ� ��Ī��  ī�� ��� ���� �õ� �� ���� �� �Һ��ں�ȣ���� �Ű��ϵ��� �ȳ��ϸ� �Ǽ� �� ��ġ  �� ������� ��Ī�� ���ݸ� ���� ���� �õ� �� ���� �� Ȯ���� ���� �������� �Է��� �ʿ��ϴٸ� �Ǽ� �� ��ġ  �� �̳� ������ �ΰ�����, ��Ģ�� ���� �� �̳� ���ڸ� �߼��Ͽ� URL ���� ���� �� �Ǽ� �� ��ġ   �� ���ǻ��� �� ��ó�� �Һи��� URL�� ���� Ŭ������ ���ƾ� �մϴ�.   -----------------------------  ���ֽ� �ǽ� ���  �� �����°� ���˿� ����ƴ١� ������ ��Ī ���̽��ǽ� �߻�(����) �� �����ݸ� ������ �������� ���� ������� ���ƾ� �Ѵ١� ������� ��Ī ���̽��ǽ� �߻�(���)  [����Ʈ�ǽ̺�ȣ]���� �����ϴ� �ֽ� �ǽ� ��ʸ� ���� �����Ͻø� ������ ���ε��� ��� ���ظ� ������ �� �ֽ��ϴ�.  [�����÷���, �۽����� '����Ʈ�ǽ̺�ȣ'�� �˻��ϼ���.] http://s.antiscam.co.kr  STOP, THINK, CONNECT ��� ���߰�, ������ ��, ��ȭ�ϼ��� "
ham,"(����)����CLS ��3,400�� �ޱ� [Web�߽�] (����) Ȥ�� ��� �غ� ���̽Ű���? ����CLS ���� � ����ڷ� ���ο� Ŀ��� �����ϼ���!  ������������������������  �� 1�� ���� �����ϱ� https://coupa.ng/ch9Wd5  �� �޿� : �ִ� ��3,400����(����) �� ����� (������ ��ȯ ����) �� �ٹ����� : ��õ �� ���� : ��� ������ �ִ� 3���� ���� / ���� ��� �Ϸ� �� 100% ����  ������������������������  �� ���ǻ��� - �޿� �� �ٹ����� ���� �� �ȳ� - ķ���� ���ó��� ����, ���� �ȳ� ���� - �Ի� �� ������ �α� �ٹ������� ���� - ���� : https://coupa.ng/chCvlr  [���� ���� �ź�]0808880585"
ham,"�쿵GitHub/�ѱ�/PPT���� [Web�߽�] [GitHub/�ѱ���/PPT�� ���� �ȳ�] ��ȭ ����(LMS) ��û �ȳ� ���û: https://oz.knu.ac.kr ������û �ᱳ���Ⱓ: 2025. 5. 20.~8. 31. ���н����: https://lms1.knu.ac.kr  * 5��25�ϱ��� 1���� ���� �ʼ�!!!!  1. ���� ���� �ٷΰ��� 2. ����: �񱳰�(2025) ���� ����  4. ���ǽ�-���� �ڷ� �ٿ�ޱ�  ����� �� ���� �̺�Ʈ(1��,2��,3��): 1���� ����Ƽ�� �߱�(�ߺ�����) ��������: 70%�̻� ������ ���� ��������߱�: KNUCUBE���� 9/16(ȭ) ���� ��� ����  �Ṯ�� ��ȭ: 053-950-8692, 6667 [��ϴ��б� IT��������] https://oz.knu.ac.kr"
ham,"�������� ���� �ð� ���� �ȳ� [Web�߽�] (����) �������� ���� �ð� ���� �ȳ�    ������, �������� ���� �ð��� �Ʒ��� ���� ������� �ȳ��帳�ϴ�. ������ �������� ���� �̿뿡 ���� ��Ź�帳�ϴ�.   �����մϴ�.  �� ���� ���� ���� : �泲 ���ؽ�, â����(���걸), ���ֱ�����(���걸, ����, �ϱ�, ����), �뱸������(����, �޼���, ����, �ϱ�, ������, �߱�), ����������(�����, ����, ���� ������, �߱�), ��걤����(����, �߱�), ��� û�ֽ�(��籸, ������, û����, �����) �� ���� ���� ���� : 2024�� 6�� 7��(��)���� �� ���� ���� �ð�  -���� ��ð� : 08:00 ~ ���� 02:00 -���� ��ð� : 06:00 ~ ���� 03:00 �� �������� �ٷΰ��� : https://coupa.ng/cfxkiX"
